Cites,Authors,Title,Year,Source,Publisher,ArticleURL,CitesURL,GSRank,QueryDate,Type,DOI,ISSN,CitationURL,Volume,Issue,StartPage,EndPage,ECC,CitesPerYear,CitesPerAuthor,AuthorCount,Age,Abstract,FullTextURL,RelatedURL
509,"JR Graham, MT Leary, MR Roberts","A century of capital structure: The leveraging of corporate America",2015,"Journal of financial economics","Elsevier","https://www.sciencedirect.com/science/article/pii/S0304405X14001809","https://scholar.google.com/scholar?cites=1182381324735919296&as_sdt=2005&sciodt=2007&hl=en",7,"2022-09-27 14:36:27","","","","",,,,,509,72.71,170,3,7,"… First, we provide a more complete picture of capital structure that identifies three distinct … of capital structure based on firm characteristics fall short in explaining the capital structure …","https://www.nber.org/system/files/working_papers/w19910/w19910.pdf","https://scholar.google.com/scholar?q=related:wLTw4YypaBAJ:scholar.google.com/&scioq=%22capital+structure%22&hl=en&as_sdt=2007&as_ylo=2015&as_yhi=2020"
381,"M Serfling","Firing costs and capital structure decisions",2016,"The Journal of Finance","Wiley Online Library","https://onlinelibrary.wiley.com/doi/abs/10.1111/jofi.12403","https://scholar.google.com/scholar?cites=10489231560012919736&as_sdt=2005&sciodt=2007&hl=en",11,"2022-09-27 14:36:27","","10.1111/jofi.12403","","",,,,,381,63.50,381,1,6,"… the effect of employee firing costs on capital structure works largely through traditional trade-off … to the literature examining the determinants of capital structure decisions (eg, Titman and …","https://repository.arizona.edu/bitstream/handle/10150/555889/azu_etd_13770_sip1_m.pdf?sequence=1","https://scholar.google.com/scholar?q=related:uPNijYc8kZEJ:scholar.google.com/&scioq=%22capital+structure%22&hl=en&as_sdt=2007&as_ylo=2015&as_yhi=2020"
376,"Ö Öztekin","Capital structure decisions around the world: which factors are reliably important?",2015,"Journal of financial and quantitative analysis","cambridge.org","https://www.cambridge.org/core/journals/journal-of-financial-and-quantitative-analysis/article/capital-structure-decisions-around-the-world-which-factors-are-reliably-important/5718BF150B82255EADCA8C29C16CDD9C","https://scholar.google.com/scholar?cites=7511111509649153187&as_sdt=2005&sciodt=2007&hl=en",6,"2022-09-27 14:36:27","","","","",,,,,376,53.71,376,1,7,"… This article examines the international determinants of capital structure using a large sample of firms from 37 countries. The reliable determinants for leverage are firm size, tangibility, …","https://www.academia.edu/download/52439626/div-class-title-capital-structure-decisions-around-the-world-which-factors-are-reliably-important-div.pdf","https://scholar.google.com/scholar?q=related:o1z8WB_UPGgJ:scholar.google.com/&scioq=%22capital+structure%22&hl=en&as_sdt=2007&as_ylo=2015&as_yhi=2020"
329,"H DeAngelo, RM Stulz","Liquid-claim production, risk management, and bank capital structure: Why high leverage is optimal for banks",2015,"Journal of financial economics","Elsevier","https://www.sciencedirect.com/science/article/pii/S0304405X14002578","https://scholar.google.com/scholar?cites=7119623773996029512&as_sdt=2005&sciodt=2007&hl=en",125,"2022-09-27 14:36:27","","","","",,,,,329,47.00,165,2,7,"… Cochrane endorses this view of bank capital structure and … Importantly, with its central principle that capital structure is … in a model of bank capital structure that has just enough frictions …","https://cpb-us-west-2-juc1ugur1qwqqqo4.stackpathdns.com/u.osu.edu/dist/0/30211/files/2016/04/Liquid-claim-production-Risk-Mgmt-JFE-DeAngelo-Stulz2015-vg12ti.pdf","https://scholar.google.com/scholar?q=related:SJZ13xn8zWIJ:scholar.google.com/&scioq=%22capital+structure%22&hl=en&as_sdt=2007&as_ylo=2015&as_yhi=2020"
258,"M Baker, J Wurgler","Do strict capital requirements raise the cost of capital? Bank regulation, capital structure, and the low-risk anomaly",2015,"American Economic Review","aeaweb.org","https://www.aeaweb.org/articles?id=10.1257/aer.p20151092","https://scholar.google.com/scholar?cites=5738552114309873659&as_sdt=2005&sciodt=2007&hl=en",91,"2022-09-27 14:36:27","","","","",,,,,258,36.86,129,2,7,"… As any such anomaly is much weaker in the debt markets, Modigliani-Miller capital structure … use a large sample of US bank returns and capital structure data to illustrate, first, that bank …","https://dash.harvard.edu/bitstream/handle/1/16388336/baker-m%2Cwurgler_do-strict-capital-requirements_AERPP%20v7.pdf?sequence=1&isAllowed=y","https://scholar.google.com/scholar?q=related:-7-Bar5uo08J:scholar.google.com/&scioq=%22capital+structure%22&hl=en&as_sdt=2007&as_ylo=2015&as_yhi=2020"
250,"F Allen, E Carletti, R Marquez","Deposits and bank capital structure",2015,"Journal of Financial Economics","Elsevier","https://www.sciencedirect.com/science/article/pii/S0304405X14002499","https://scholar.google.com/scholar?cites=1377887121678559140&as_sdt=2005&sciodt=2007&hl=en",10,"2022-09-27 14:36:27","","","","",,,,,250,35.71,83,3,7,"… First, as argued by Modigliani and Miller (1958), when markets are not frictionless, capital structure is relevant for bank value and there is a unique optimal capital structure, which …","https://cadmus.eui.eu/bitstream/handle/1814/26454/ECO_2013_03.pdf","https://scholar.google.com/scholar?q=related:pGc8bAk9HxMJ:scholar.google.com/&scioq=%22capital+structure%22&hl=en&as_sdt=2007&as_ylo=2015&as_yhi=2020"
230,"S Klasa, H Ortiz-Molina, M Serfling, ...","Protection of trade secrets and capital structure decisions",2018,"Journal of financial …","Elsevier","https://www.sciencedirect.com/science/article/pii/S0304405X18300473","https://scholar.google.com/scholar?cites=1234328404226469927&as_sdt=2005&sciodt=2007&hl=en",33,"2022-09-27 14:36:27","","","","",,,,,230,57.50,58,4,4,"… lead the firm to choose its capital structure strategically, ie, taking … the relevance for capital structure choices of competitive … We study how a firm's capital structure decisions are affected …","https://www.unsw.edu.au/business/sites/default/files/seminars-conferences/Protection-of-trade.pdf","https://scholar.google.com/scholar?q=related:J_AX1iQ3IREJ:scholar.google.com/&scioq=%22capital+structure%22&hl=en&as_sdt=2007&as_ylo=2015&as_yhi=2020"
224,"M Faccio, J Xu","Taxes and capital structure",2015,"Journal of Financial and Quantitative Analysis","cambridge.org","https://www.cambridge.org/core/journals/journal-of-financial-and-quantitative-analysis/article/taxes-and-capital-structure/00202134414D33ADADAAF4F351235FD6","https://scholar.google.com/scholar?cites=3456933230649213764&as_sdt=2005&sciodt=2007&hl=en",5,"2022-09-27 14:36:27","","","","",,,,,224,32.00,112,2,7,"… have no effect on capital structure in our sample in countries in which tax evasion is high. By contrast, taxes appear to be significant determinants of capital structure choices in countries …","https://citeseerx.ist.psu.edu/viewdoc/download?doi=10.1.1.1063.374&rep=rep1&type=pdf","https://scholar.google.com/scholar?q=related:RAMXKXV--S8J:scholar.google.com/&scioq=%22capital+structure%22&hl=en&as_sdt=2007&as_ylo=2015&as_yhi=2020"
224,"G Schepens","Taxes and bank capital structure",2016,"Journal of financial Economics","Elsevier","https://www.sciencedirect.com/science/article/pii/S0304405X16000209","https://scholar.google.com/scholar?cites=9773859256621289500&as_sdt=2005&sciodt=2007&hl=en",13,"2022-09-27 14:36:27","","","","",,,,,224,37.33,224,1,6,"… of taxes on bank capital structure, this paper addresses two … for equity in terms of capital structure adjustments, but that … contribution to the capital structure literature by identifying the …","https://www.aeaweb.org/conference/2015/retrieve.php?pdfid=3302&tk=iQi9QaQ6","https://scholar.google.com/scholar?q=related:HFCTszW5o4cJ:scholar.google.com/&scioq=%22capital+structure%22&hl=en&as_sdt=2007&as_ylo=2015&as_yhi=2020"
184,"R Kieschnick, R Moussawi","Firm age, corporate governance, and capital structure choices",2018,"Journal of Corporate Finance","Elsevier","https://www.sciencedirect.com/science/article/pii/S092911991730319X","https://scholar.google.com/scholar?cites=8285033430184789024&as_sdt=2005&sciodt=2007&hl=en",68,"2022-09-27 14:36:27","","","","",,,,,184,46.00,92,2,4,"… For example, many empirical corporate capital structure … on corporate capital structure typically uses capital structure … linear regression models in capital structure studies. When one …","https://copify.ir/wp-content/uploads/2018/01/2018-6.pdf","https://scholar.google.com/scholar?q=related:IIRmPgJa-nIJ:scholar.google.com/&scioq=%22capital+structure%22&hl=en&as_sdt=2007&as_ylo=2015&as_yhi=2020"
178,"R Elsas, D Florysiak","Dynamic capital structure adjustment and the impact of fractional dependent variables",2015,"Journal of Financial and Quantitative Analysis","cambridge.org","https://www.cambridge.org/core/journals/journal-of-financial-and-quantitative-analysis/article/dynamic-capital-structure-adjustment-and-the-impact-of-fractional-dependent-variables/A3AF8FB24B30D554598FCB5779106CE0","https://scholar.google.com/scholar?cites=12213550823575030707&as_sdt=2005&sciodt=2007&hl=en",41,"2022-09-27 14:36:27","","","","",,,,,178,25.43,89,2,7,"… an example from empirical capital structure research. Debt ratios … A current issue in empirical capital structure research is to … This has entered the recent capital structure literature as well…","https://epub.ub.uni-muenchen.de/59198/1/dynamic_capital_structure_adjustment_and_the_impact_of_fractional_dependent_variables.pdf","https://scholar.google.com/scholar?q=related:s4tejcM_f6kJ:scholar.google.com/&scioq=%22capital+structure%22&hl=en&as_sdt=2007&as_ylo=2015&as_yhi=2020"
151,"B Grosse-Rueschkamp, S Steffen, D Streitz","A capital structure channel of monetary policy",2019,"Journal of Financial …","Elsevier","https://www.sciencedirect.com/science/article/pii/S0304405X19300601","https://scholar.google.com/scholar?cites=1250137515031660060&as_sdt=2005&sciodt=2007&hl=en",19,"2022-09-27 14:36:27","","","","",,,,,151,50.33,50,3,3,"… We coin this the capital structure channel of monetary policy. We show positive effects of … We analyze the effect of the CSPP on the capital structure of eligible firms and their investment …","https://www.researchgate.net/profile/Benjamin-Grosse-Rueschkamp/publication/331785917_A_Capital_Structure_Channel_of_Monetary_Policy/links/60ed4c8bfb568a7098a6c653/A-Capital-Structure-Channel-of-Monetary-Policy.pdf","https://scholar.google.com/scholar?q=related:HAbaR3JhWREJ:scholar.google.com/&scioq=%22capital+structure%22&hl=en&as_sdt=2007&as_ylo=2015&as_yhi=2020"
151,"W Gornall, IA Strebulaev","Financing as a supply chain: The capital structure of banks and borrowers",2018,"Journal of Financial Economics","Elsevier","https://www.sciencedirect.com/science/article/pii/S0304405X1830134X","https://scholar.google.com/scholar?cites=3650148746043657282&as_sdt=2005&sciodt=2007&hl=en",67,"2022-09-27 14:36:27","","","","",,,,,151,37.75,76,2,4,"… We develop a model of the joint capital structure decisions of banks and their borrowers. Bank leverage of 85% or higher emerges because bank seniority both dramatically reduces …","https://www.nber.org/system/files/working_papers/w19633/w19633.pdf","https://scholar.google.com/scholar?q=related:QgxF-fHupzIJ:scholar.google.com/&scioq=%22capital+structure%22&hl=en&as_sdt=2007&as_ylo=2015&as_yhi=2020"
129,"Z Chen, J Harford, A Kamara","Operating leverage, profitability, and capital structure",2019,"Journal of financial and quantitative …","cambridge.org","https://www.cambridge.org/core/journals/journal-of-financial-and-quantitative-analysis/article/operating-leverage-profitability-and-capital-structure/EA54D08FCE6646044C7D6B27026BD22B","https://scholar.google.com/scholar?cites=8153492107663526230&as_sdt=2005&sciodt=2007&hl=en",65,"2022-09-27 14:36:27","","","","",,,,,129,43.00,43,3,3,"Operating leverage increases profitability and reduces optimal financial leverage. Thus, operating leverage generates a negative relation between profitability and financial leverage …","","https://scholar.google.com/scholar?q=related:Vkk8dN8FJ3EJ:scholar.google.com/&scioq=%22capital+structure%22&hl=en&as_sdt=2007&as_ylo=2015&as_yhi=2020"
126,"MOC Keefe, M Yaghoubi","The influence of cash flow volatility on capital structure and the use of debt of different maturities",2016,"Journal of Corporate Finance","Elsevier","https://www.sciencedirect.com/science/article/pii/S0929119916300256","https://scholar.google.com/scholar?cites=4812280903426622803&as_sdt=2005&sciodt=2007&hl=en",227,"2022-09-27 14:36:27","","","","",,,,,126,21.00,63,2,6,"… Thus, the capital structure may be defined in three ways. Second, should debt be measured … of capital structure for both market and book values, which generates six capital structure …","http://www.isihome.ir/freearticle/ISIHome.ir-24105.pdf","https://scholar.google.com/scholar?q=related:U8UjMPynyEIJ:scholar.google.com/&scioq=%22capital+structure%22&hl=en&as_sdt=2007&as_ylo=2015&as_yhi=2020"
126,"O De Jonghe, Ö Öztekin","Bank capital management: International evidence",2015,"Journal of Financial Intermediation","Elsevier","https://www.sciencedirect.com/science/article/pii/S1042957315000029","https://scholar.google.com/scholar?cites=11589628297828701230&as_sdt=2005&sciodt=2007&hl=en",936,"2022-09-27 14:36:27","","","","",,,,,126,18.00,63,2,7,"… To benchmark our results with the existing empirical corporate and bank capital structure literature streams, we reassess some of the typical attributes of non-financial corporations and …","https://research.tilburguniversity.edu/files/16177396/bank_capital_management_De_Jonghe_ztekin.pdf","https://scholar.google.com/scholar?q=related:LhTlSoih1qAJ:scholar.google.com/&scioq=%22capital+structure%22&hl=en&as_sdt=2007&as_ylo=2015&as_yhi=2020"
114,"A Demirgüç-Kunt, MSM Peria, T Tressel","The global financial crisis and the capital structure of firms: Was the impact more severe among SMEs and non-listed firms?",2020,"Journal of Corporate Finance","Elsevier","https://www.sciencedirect.com/science/article/pii/S0929119918308393","https://scholar.google.com/scholar?cites=6742884990397113897&as_sdt=2005&sciodt=2007&hl=en",98,"2022-09-27 14:36:27","","","","",,,,,114,57.00,38,3,2,"… When focusing on non-listed firms, for which we see significant changes in capital structure, we find that the declines in leverage, debt maturity, and use of long-term debt were …","","https://scholar.google.com/scholar?q=related:KebuZSyKk10J:scholar.google.com/&scioq=%22capital+structure%22&hl=en&as_sdt=2007&as_ylo=2015&as_yhi=2020"
107,"Q Zhou, KJK Tan, R Faff, Y Zhu","Deviation from target capital structure, cost of equity and speed of adjustment",2016,"Journal of Corporate Finance","Elsevier","https://www.sciencedirect.com/science/article/pii/S0929119916300682","https://scholar.google.com/scholar?cites=5343319114824190555&as_sdt=2005&sciodt=2007&hl=en",108,"2022-09-27 14:36:27","","","","",,,,,107,17.83,27,4,6,"… Collectively, our findings imply that capital structure targeting is not equally important to all firms. Indeed, we argue that while evidence of the trade-off theory will tend to be obscured in …","https://research.bond.edu.au/files/73598826/AM_Deviation_from_target_capital_structure.pdf","https://scholar.google.com/scholar?q=related:W4qmwGxIJ0oJ:scholar.google.com/&scioq=%22capital+structure%22&hl=en&as_sdt=2007&as_ylo=2015&as_yhi=2020"
98,"E Devos, S Rahman, D Tsang","Debt covenants and the speed of capital structure adjustment",2017,"Journal of Corporate Finance","Elsevier","https://www.sciencedirect.com/science/article/pii/S0929119917302158","https://scholar.google.com/scholar?cites=12670855594971968511&as_sdt=2005&sciodt=2007&hl=en",114,"2022-09-27 14:36:27","","","","",,,,,98,19.60,33,3,5,"… to move back to the target capital structure. However, this … (or target) capital structure, making the capital structure adjustment … Although a number of studies investigate capital structure …","","https://scholar.google.com/scholar?q=related:_zOT0gfs168J:scholar.google.com/&scioq=%22capital+structure%22&hl=en&as_sdt=2007&as_ylo=2015&as_yhi=2020"
96,"A Mc Namara, P Murro, S O'Donohoe","Countries lending infrastructure and capital structure determination: The case of European SMEs",2017,"Journal of Corporate Finance","Elsevier","https://www.sciencedirect.com/science/article/pii/S092911991630253X","https://scholar.google.com/scholar?cites=15789702435231595782&as_sdt=2005&sciodt=2007&hl=en",119,"2022-09-27 14:36:27","","","","",,,,,96,19.20,32,3,5,"… lending infrastructure model from the banking literature into the capital structure domain and test how it resonates with the key capital structure theories (pecking order, agency and trade…","","https://scholar.google.com/scholar?q=related:Bn0ZGbVKINsJ:scholar.google.com/&scioq=%22capital+structure%22&hl=en&as_sdt=2007&as_ylo=2015&as_yhi=2020"
91,"N Daskalakis, D Balios, V Dalla","The behaviour of SMEs' capital structure determinants in different macroeconomic states",2017,"Journal of Corporate Finance","Elsevier","https://www.sciencedirect.com/science/article/pii/S0929119916303200","https://scholar.google.com/scholar?cites=11240050016390580366&as_sdt=2005&sciodt=2007&hl=en",59,"2022-09-27 14:36:27","","","","",,,,,91,18.20,30,3,5,"… has triggered questions in the scientific area of capital structure dynamic determination regarding how “quickly” companies tend to adjust their capital structure to their long-term targets, …","https://research.brighton.ac.uk/files/473016/JCF%20REVISED%20document.pdf","https://scholar.google.com/scholar?q=related:joiVBPCt_JsJ:scholar.google.com/&scioq=%22capital+structure%22&hl=en&as_sdt=2007&as_ylo=2015&as_yhi=2020"
90,"R Petacchi","Information asymmetry and capital structure: Evidence from regulation FD",2015,"Journal of Accounting and Economics","Elsevier","https://www.sciencedirect.com/science/article/pii/S0165410115000038","https://scholar.google.com/scholar?cites=6904220343469181170&as_sdt=2005&sciodt=2007&hl=en",86,"2022-09-27 14:36:27","","","","",,,,,90,12.86,90,1,7,"This study uses Regulation Fair Disclosure (FD) as a plausibly exogenous shock to the information environment to identify the causal effect of information asymmetry on corporate …","https://dspace.mit.edu/bitstream/handle/1721.1/114877/Petacchi_Information%20asymmetry.pdf?sequence=1&isAllowed=y","https://scholar.google.com/scholar?q=related:8oiBf9K30F8J:scholar.google.com/&scioq=%22capital+structure%22&hl=en&as_sdt=2007&as_ylo=2015&as_yhi=2020"
82,"L Lepetit, N Saghi-Zedek, A Tarazi","Excess control rights, bank capital structure adjustments, and lending",2015,"Journal of Financial Economics","Elsevier","https://www.sciencedirect.com/science/article/pii/S0304405X1400213X","https://scholar.google.com/scholar?cites=13964213472369220431&as_sdt=2005&sciodt=2007&hl=en",236,"2022-09-27 14:36:27","","","","",,,,,82,11.71,27,3,7,"… Our findings contribute to the capital structure adjustment literature and have critical policy implications for the implementation of Basel III and the debate on capital requirements and …","https://citeseerx.ist.psu.edu/viewdoc/download?doi=10.1.1.500.1852&rep=rep1&type=pdf","https://scholar.google.com/scholar?q=related:T5tK5CraysEJ:scholar.google.com/&scioq=%22capital+structure%22&hl=en&as_sdt=2007&as_ylo=2015&as_yhi=2020"
68,"SJ Reinartz, T Schmid","Production flexibility, product markets, and capital structure decisions",2016,"The Review of Financial Studies","academic.oup.com","https://academic.oup.com/rfs/article-abstract/29/6/1501/2583640","https://scholar.google.com/scholar?cites=8280481119087521059&as_sdt=2005&sciodt=2007&hl=en",107,"2022-09-27 14:36:27","","","","",,,,,68,11.33,34,2,6,"… It can also adjust its capital structure by issuing debt and equity, and this causes … In particular, they state that “when the costs to dynamically manage capital structure are small, the …","https://core.ac.uk/download/pdf/45605635.pdf","https://scholar.google.com/scholar?q=related:I22KuLQt6nIJ:scholar.google.com/&scioq=%22capital+structure%22&hl=en&as_sdt=2007&as_ylo=2015&as_yhi=2020"
66,"S Antill, SR Grenadier","Optimal capital structure and bankruptcy choice: Dynamic bargaining versus liquidation",2019,"Journal of Financial Economics","Elsevier","https://www.sciencedirect.com/science/article/pii/S0304405X19300224","https://scholar.google.com/scholar?cites=5329829937746008936&as_sdt=2005&sciodt=2007&hl=en",246,"2022-09-27 14:36:27","","","","",,,,,66,22.00,33,2,3,"… Section 5 describes the time zero capital structure choice, provides our results on capital structure, and gives additional empirical implications. Section 6 discusses possible …","https://www.sciencedirect.com/science/article/am/pii/S0304405X19300224","https://scholar.google.com/scholar?q=related:aNuX-BZc90kJ:scholar.google.com/&scioq=%22capital+structure%22&hl=en&as_sdt=2007&as_ylo=2015&as_yhi=2020"
55,"R Armenter, V Hnatkovska","Taxes and capital structure: Understanding firms' savings",2017,"Journal of Monetary Economics","Elsevier","https://www.sciencedirect.com/science/article/pii/S0304393217300259","https://scholar.google.com/scholar?cites=7009691344592411865&as_sdt=2005&sciodt=2007&hl=en",165,"2022-09-27 14:36:27","","","","",,,,,55,11.00,28,2,5,"… This section documents the key empirical regularities about the capital structure of the US corporate sector both at the aggregate and firm level. The starting point is the aggregate data, …","https://citeseerx.ist.psu.edu/viewdoc/download?doi=10.1.1.720.2986&rep=rep1&type=pdf","https://scholar.google.com/scholar?q=related:2ZyPkyNtR2EJ:scholar.google.com/&scioq=%22capital+structure%22&hl=en&as_sdt=2007&as_ylo=2015&as_yhi=2020"
55,"P Glasserman, B Nouri","Market‐triggered changes in capital structure: Equilibrium price dynamics",2016,"Econometrica","Wiley Online Library","https://onlinelibrary.wiley.com/doi/abs/10.3982/ECTA11206","https://scholar.google.com/scholar?cites=7201078438940095311&as_sdt=2005&sciodt=2007&hl=en",210,"2022-09-27 14:36:27","","10.3982/ECTA11206","","",,,,,55,9.17,28,2,6,"… to trigger a contractual change in the firm’s capital structure, given that the value of the equity itself depends on the firm’s capital structure. Of particular interest is the case of contingent …","https://www0.gsb.columbia.edu/faculty/pglasserman/Other/market_trigger3c.pdf","https://scholar.google.com/scholar?q=related:T7O_8K9e72MJ:scholar.google.com/&scioq=%22capital+structure%22&hl=en&as_sdt=2007&as_ylo=2015&as_yhi=2020"
52,"P Bolton, H Huang","The capital structure of nations",2018,"Review of Finance","academic.oup.com","https://academic.oup.com/rof/article-abstract/22/1/45/4168772","https://scholar.google.com/scholar?cites=14393544908317142312&as_sdt=2005&sciodt=2007&hl=en",15,"2022-09-27 14:36:27","","","","",,,,,52,13.00,26,2,4,"… After analyzing the optimal capital structure and characterizing different equilibria, we extend our analysis by considering the effects of debt overhang, when the nation’s legacy debt is …","https://www.nber.org/system/files/working_papers/w23612/w23612.pdf","https://scholar.google.com/scholar?q=related:KC3gdtUkwMcJ:scholar.google.com/&scioq=%22capital+structure%22&hl=en&as_sdt=2007&as_ylo=2015&as_yhi=2020"
52,"M Oliveira, PR Kadapakkam, M Beyhaghi","Effects of customer financial distress on supplier capital structure",2017,"Journal of Corporate Finance","Elsevier","https://www.sciencedirect.com/science/article/pii/S0929119916303005","https://scholar.google.com/scholar?cites=16311419789734339665&as_sdt=2005&sciodt=2007&hl=en",316,"2022-09-27 14:36:27","","","","",,,,,52,10.40,17,3,5,"… factors that might impact capital structure decisions. These factors … considerations for the choice of capital structure, such as the … We analyze the changes in capital structure of suppliers …","https://digitalcommons.trinity.edu/cgi/viewcontent.cgi?article=1156&context=busadmin_faculty","https://scholar.google.com/scholar?q=related:UWRkjeDNXeIJ:scholar.google.com/&scioq=%22capital+structure%22&hl=en&as_sdt=2007&as_ylo=2015&as_yhi=2020"
49,"LH Pan, CT Lin, SC Lee, KC Ho","Information ratings and capital structure",2015,"Journal of corporate finance","Elsevier","https://www.sciencedirect.com/science/article/pii/S0929119915000127","https://scholar.google.com/scholar?cites=11347019671883269002&as_sdt=2005&sciodt=2007&hl=en",50,"2022-09-27 14:36:27","","","","",,,,,49,7.00,12,4,7,"… We examine the impact of information asymmetry on a firm's capital structure decisions with a unique information rating scheme that draws from 114 measures over five dimensions of …","https://www.academia.edu/download/51924719/Lin.pdf","https://scholar.google.com/scholar?q=related:isP4wUW2eJ0J:scholar.google.com/&scioq=%22capital+structure%22&hl=en&as_sdt=2007&as_ylo=2015&as_yhi=2020"
48,"J Hugonnier, S Malamud, E Morellec","Credit market frictions and capital structure dynamics",2015,"Journal of Economic Theory","Elsevier","https://www.sciencedirect.com/science/article/pii/S0022053114001422","https://scholar.google.com/scholar?cites=13897845096313546368&as_sdt=2005&sciodt=2007&hl=en",141,"2022-09-27 14:36:27","","","","",,,,,48,6.86,16,3,7,"… capital structure and the risk of default of corporations. To do so, we develop a dynamic capital structure … for investors when seeking to adjust their capital structure. We provide a general …","https://www.epfl.ch/schools/cdm/wp-content/uploads/2018/08/IlliquidityNew-1.pdf","https://scholar.google.com/scholar?q=related:gGYsLXsQ38AJ:scholar.google.com/&scioq=%22capital+structure%22&hl=en&as_sdt=2007&as_ylo=2015&as_yhi=2020"
45,"S Anwar, S Sun","Can the presence of foreign investment affect the capital structure of domestic firms?",2015,"Journal of Corporate Finance","Elsevier","https://www.sciencedirect.com/science/article/pii/S0929119914001473","https://scholar.google.com/scholar?cites=8689987688779172850&as_sdt=2005&sciodt=2007&hl=en",254,"2022-09-27 14:36:27","","","","",,,,,45,6.43,23,2,7,"… other factors, can vary from industry to industry and hence the empirical analysis presented in this paper also considers the link between foreign presence and firm capital structure in …","","https://scholar.google.com/scholar?q=related:8ksz7MIJmXgJ:scholar.google.com/&scioq=%22capital+structure%22&hl=en&as_sdt=2007&as_ylo=2015&as_yhi=2020"
43,"H Kim","How does labor market size affect firm capital structure? Evidence from large plant openings",2020,"Journal of Financial Economics","Elsevier","https://www.sciencedirect.com/science/article/pii/S0304405X2030129X","https://scholar.google.com/scholar?cites=16274329944433979361&as_sdt=2005&sciodt=2007&hl=en",352,"2022-09-27 14:36:27","","","","",,,,,43,21.50,43,1,2,"… I examine how the labor market in which firms operate affects their capital structure decisions. Based on US Census Bureau data and information on companies’ decisions to locate their …","https://www.sole-jole.org/assets/docs/16094.pdf","https://scholar.google.com/scholar?q=related:4W99_9sI2uEJ:scholar.google.com/&scioq=%22capital+structure%22&hl=en&as_sdt=2007&as_ylo=2015&as_yhi=2020"
42,"JH Nguyen, HV Phan","Carbon risk and corporate capital structure",2020,"Journal of Corporate Finance","Elsevier","https://www.sciencedirect.com/science/article/pii/S0929119920301577","https://scholar.google.com/scholar?cites=10996125296019693039&as_sdt=2005&sciodt=2007&hl=en",268,"2022-09-27 14:36:27","","","","",,,,,42,21.00,21,2,2,"… We then investigate the effects of carbon risk on capital structure of firms conditional on their degrees of financial constraints. Intuitively, if the decrease in financial leverage is …","http://econfin.massey.ac.nz/school/documents/seminarseries/manawatu/Carbon%20risk%20and%20capital%20structure-08182018.pdf","https://scholar.google.com/scholar?q=related:793wXrIVmpgJ:scholar.google.com/&scioq=%22capital+structure%22&hl=en&as_sdt=2007&as_ylo=2015&as_yhi=2020"
42,"B Blaylock, FB Gaertner, T Shevlin","Book-tax conformity and capital structure",2017,"Review of Accounting Studies","Springer","https://link.springer.com/article/10.1007/s11142-017-9386-2","https://scholar.google.com/scholar?cites=1002972094096673059&as_sdt=2005&sciodt=2007&hl=en",327,"2022-09-27 14:36:27","","10.1007/s11142-017-9386-2","","",,,,,42,8.40,14,3,5,"… capital structure for converting firms pre/post TRA ‘86 (the first difference) while simultaneously considering changes in capital structure … corporate taxation on capital structure, Footnote …","https://escholarship.org/content/qt7sw8w4hf/qt7sw8w4hf_noSplash_bf3a65dbc09e9b69405925b0d079cc2f.pdf","https://scholar.google.com/scholar?q=related:IwlDPM5F6w0J:scholar.google.com/&scioq=%22capital+structure%22&hl=en&as_sdt=2007&as_ylo=2015&as_yhi=2020"
40,"A Shah, HA Shah, JM Smith, GJ Labianca","Judicial efficiency and capital structure: An international study",2017,"Journal of Corporate Finance","Elsevier","https://www.sciencedirect.com/science/article/pii/S0929119916301730","https://scholar.google.com/scholar?cites=18069268804406732871&as_sdt=2005&sciodt=2007&hl=en",140,"2022-09-27 14:36:27","","","","",,,,,40,8.00,10,4,5,"… court system – in corporate capital structure decisions. While most … capital structure. Existing studies assume that creditor rights and judicial efficiency influence all firms' capital structure …","","https://scholar.google.com/scholar?q=related:R-i1FT7wwvoJ:scholar.google.com/&scioq=%22capital+structure%22&hl=en&as_sdt=2007&as_ylo=2015&as_yhi=2020"
39,"ML Lemmon, JF Zender","Asymmetric information, debt capacity, and capital structure",2019,"Journal of Financial and Quantitative …","cambridge.org","https://www.cambridge.org/core/journals/journal-of-financial-and-quantitative-analysis/article/asymmetric-information-debt-capacity-and-capital-structure/3547B004A73FF47417620B2C3EC08759","https://scholar.google.com/scholar?cites=2905305178409317123&as_sdt=2005&sciodt=2007&hl=en",287,"2022-09-27 14:36:27","","","","",,,,,39,13.00,20,2,3,"… This paper develops a model of capital structure choice in which asymmetric information between the firm and external investors is the sole friction. In the model, both the face value of …","https://leeds-faculty.colorado.edu/Zender/papers/AsymInfo-6-6-2016.pdf","https://scholar.google.com/scholar?q=related:A7Mws6q3USgJ:scholar.google.com/&scioq=%22capital+structure%22&hl=en&as_sdt=2007&as_ylo=2015&as_yhi=2020"
38,"R Geske, A Subrahmanyam, Y Zhou","Capital structure effects on the prices of equity call options",2016,"Journal of Financial Economics","Elsevier","https://www.sciencedirect.com/science/article/pii/S0304405X16300484","https://scholar.google.com/scholar?cites=9034904773444027101&as_sdt=2005&sciodt=2007&hl=en",176,"2022-09-27 14:36:27","","","","",,,,,38,6.33,13,3,6,"… We believe that we are the first to empirically examine capital structure effects on the pricing of … The former aspect allows one to assess how market value–based capital structure varies …","","https://scholar.google.com/scholar?q=related:3cKcwAVuYn0J:scholar.google.com/&scioq=%22capital+structure%22&hl=en&as_sdt=2007&as_ylo=2015&as_yhi=2020"
38,"BW Myers, A Saretto","Does capital structure affect the behavior of nonfinancial stakeholders? An empirical investigation into leverage and union strikes",2016,"Management Science","pubsonline.informs.org","https://pubsonline.informs.org/doi/abs/10.1287/mnsc.2015.2267","https://scholar.google.com/scholar?cites=3402158283141330719&as_sdt=2005&sciodt=2007&hl=en",480,"2022-09-27 14:36:27","","10.1287/mnsc.2015.2267","","",,,,,38,6.33,19,2,6,"… In the second part of our analysis, we examine firms’ capital structure decisions before and after a contract negotiation and strike. We find that the average leverage for firms that do not …","","https://scholar.google.com/scholar?q=related:H7dK4O7kNi8J:scholar.google.com/&scioq=%22capital+structure%22&hl=en&as_sdt=2007&as_ylo=2015&as_yhi=2020"
36,"AA Antzoulatos, K Koufopoulos, ...","Supply of capital and capital structure: The role of financial development",2016,"Journal of Corporate …","Elsevier","https://www.sciencedirect.com/science/article/pii/S0929119916300037","https://scholar.google.com/scholar?cites=1656543505944769470&as_sdt=2005&sciodt=2007&hl=en",305,"2022-09-27 14:36:27","","","","",,,,,36,6.00,12,3,6,"… capital structure and the tightness of financial constraints that firms face. We employ an econometric technique that allows us to explicitly test for convergence in capital structure. This …","https://eprints.whiterose.ac.uk/144732/7/Convergence%20Paper%20Revised.pdf","https://scholar.google.com/scholar?q=related:vnPRuoo5_RYJ:scholar.google.com/&scioq=%22capital+structure%22&hl=en&as_sdt=2007&as_ylo=2015&as_yhi=2020"
35,"NH Nguyen, HV Phan, E Lee","Shareholder litigation rights and capital structure decisions",2020,"Journal of Corporate Finance","Elsevier","https://www.sciencedirect.com/science/article/pii/S0929119920300456","https://scholar.google.com/scholar?cites=9974595880657798119&as_sdt=2005&sciodt=2007&hl=en",297,"2022-09-27 14:36:27","","","","",,,,,35,17.50,12,3,2,"… First, our research contributes to the capital structure literature. Recent research finds that the adoption of UD laws leads to an increase in both the cost of debt (Ni and Yin, 2018) and …","https://scholarworks.utrgv.edu/cgi/viewcontent.cgi?article=1037&context=ef_fac","https://scholar.google.com/scholar?q=related:58OuFBvibIoJ:scholar.google.com/&scioq=%22capital+structure%22&hl=en&as_sdt=2007&as_ylo=2015&as_yhi=2020"
30,"S Ji, DC Mauer, Y Zhang","Managerial entrenchment and capital structure: The effect of diversification",2020,"Journal of Corporate Finance","Elsevier","https://www.sciencedirect.com/science/article/pii/S0929119918300877","https://scholar.google.com/scholar?cites=15637564945373779765&as_sdt=2005&sciodt=2007&hl=en",267,"2022-09-27 14:36:27","","","","",,,,,30,15.00,10,3,2,"… Lastly, to control for the effect of M&A activity on capital structure, we include a dummy variable equal to one if the ratio of acquisition expenditures to book value of total assets in the …","","https://scholar.google.com/scholar?q=related:NdcaaXfKA9kJ:scholar.google.com/&scioq=%22capital+structure%22&hl=en&as_sdt=2007&as_ylo=2015&as_yhi=2020"
30,"G Nicodano, L Regis","A trade-off theory of ownership and capital structure",2019,"Journal of Financial Economics","Elsevier","https://www.sciencedirect.com/science/article/pii/S0304405X18302538","https://scholar.google.com/scholar?cites=9339036144135305968&as_sdt=2005&sciodt=2007&hl=en",293,"2022-09-27 14:36:27","","","","",,,,,30,10.00,15,2,3,"… This paper sets out to explain the ownership and capital structure of two connected units that share a common controlling entity. We call them “units” instead of firms or banks, because …","https://iris.unito.it/bitstream/2318/1694879/1/trade%20off%20ownership_17_11.pdf","https://scholar.google.com/scholar?q=related:8Pq3i-TrmoEJ:scholar.google.com/&scioq=%22capital+structure%22&hl=en&as_sdt=2007&as_ylo=2015&as_yhi=2020"
30,"A Purnanandam, U Rajan","Growth option exercise and capital structure",2018,"Review of Finance","academic.oup.com","https://academic.oup.com/rof/article-abstract/22/1/177/2389567","https://scholar.google.com/scholar?cites=6405862943201851290&as_sdt=2005&sciodt=2007&hl=en",310,"2022-09-27 14:36:27","","","","",,,,,30,7.50,15,2,4,"… -based explanations of capital structure, our results imply that … for a large literature in capital structure and security design. In … An implication for dynamic models of capital structure is that …","https://citeseerx.ist.psu.edu/viewdoc/download?doi=10.1.1.719.5068&rep=rep1&type=pdf","https://scholar.google.com/scholar?q=related:mndiOWgy5lgJ:scholar.google.com/&scioq=%22capital+structure%22&hl=en&as_sdt=2007&as_ylo=2015&as_yhi=2020"
30,"D Gale, P Gottardi","Capital structure, investment, and fire sales",2015,"The Review of Financial Studies","academic.oup.com","https://academic.oup.com/rfs/article-abstract/28/9/2502/1580176","https://scholar.google.com/scholar?cites=2065153141263314482&as_sdt=2005&sciodt=2007&hl=en",429,"2022-09-27 14:36:27","","","","",,,,,30,4.29,15,2,7,"… In contrast, we show the inefficiency of the firms' capital structure decisions in equilibrium in an environment in which firms are not constrained by the level of their collateral, but face …","http://eprints.lse.ac.uk/60958/1/dp-23.pdf","https://scholar.google.com/scholar?q=related:Mi7IH9flqBwJ:scholar.google.com/&scioq=%22capital+structure%22&hl=en&as_sdt=2007&as_ylo=2015&as_yhi=2020"
29,"L Martellini, V Milhau, A Tarelli","Capital structure decisions and the optimal design of corporate market debt programs",2018,"Journal of Corporate Finance","Elsevier","https://www.sciencedirect.com/science/article/pii/S0929119917307198","https://scholar.google.com/scholar?cites=8146065936152029026&as_sdt=2005&sciodt=2007&hl=en",232,"2022-09-27 14:36:27","","","","",,,,,29,7.25,10,3,4,"… a joint quantitative analysis of capital structure decisions (debt … has an impact on capital structure decisions, and leads to … to a situation where only the capital structure is optimized. …","","https://scholar.google.com/scholar?q=related:YmdAKc-jDHEJ:scholar.google.com/&scioq=%22capital+structure%22&hl=en&as_sdt=2007&as_ylo=2015&as_yhi=2020"
24,"S Mulyani, D Amboningtyas, A Fathoni","The Influence of Liquidity, Profitability, Leverage on Firm Value with Capital Structure as Intervening Variable (in Plantation Sub Sector Company 2012-2016 Listed in …",2017,"Journal of Management","jurnal.unpand.ac.id","http://jurnal.unpand.ac.id/index.php/MS/article/view/782","https://scholar.google.com/scholar?cites=17767388787901059020&as_sdt=2005&sciodt=2007&hl=en",823,"2022-09-27 14:36:27","","","","",,,,,24,4.80,8,3,5,"Penelitian ini bertujuan untuk mengetahui pengaruh likuiditas, profitabilitas dan leverage terhadap nilai perusahaan dengan struktur modal sebagai variabel intervening pada …","http://jurnal.unpand.ac.id/index.php/MS/article/viewFile/782/758","https://scholar.google.com/scholar?q=related:zM8ZifdxkvYJ:scholar.google.com/&scioq=%22capital+structure%22&hl=en&as_sdt=2007&as_ylo=2015&as_yhi=2020"
21,"S Brown, M Dutordoir, C Veld, ...","What is the role of institutional investors in corporate capital structure decisions? A survey analysis",2019,"Journal of Corporate …","Elsevier","https://www.sciencedirect.com/science/article/pii/S0929119919301294","https://scholar.google.com/scholar?cites=4617709632833499267&as_sdt=2005&sciodt=2007&hl=en",234,"2022-09-27 14:36:27","","","","",,,,,21,7.00,5,4,3,"… capital structure decisions and views on capital structure theories. Over 82% of investors believe they influence corporate capital structure … important drivers of capital structure. Investors' …","https://www.research.manchester.ac.uk/portal/files/104169425/Investor_survey_February_7_2019.pdf","https://scholar.google.com/scholar?q=related:g7DwBHJmFUAJ:scholar.google.com/&scioq=%22capital+structure%22&hl=en&as_sdt=2007&as_ylo=2015&as_yhi=2020"
19,"HJ Im, Y Kang, J Shon","How does uncertainty influence target capital structure?",2020,"Journal of Corporate Finance","Elsevier","https://www.sciencedirect.com/science/article/pii/S0929119920300869","https://scholar.google.com/scholar?cites=1461750776614256414&as_sdt=2005&sciodt=2007&hl=en",150,"2022-09-27 14:36:27","","","","",,,,,19,9.50,6,3,2,"… a significant contribution to the dynamic capital structure literature. First, … capital structure. The asset volatility measure is in line with a volatility term (σ) in most dynamic capital structure …","","https://scholar.google.com/scholar?q=related:Hn8-LpYuSRQJ:scholar.google.com/&scioq=%22capital+structure%22&hl=en&as_sdt=2007&as_ylo=2015&as_yhi=2020"
19,"M Daher","Creditor control rights, capital structure, and legal enforcement",2017,"Journal of Corporate Finance","Elsevier","https://www.sciencedirect.com/science/article/pii/S0929119917302092","https://scholar.google.com/scholar?cites=14617911164593824811&as_sdt=2005&sciodt=2007&hl=en",623,"2022-09-27 14:36:27","","","","",,,,,19,3.80,19,1,5,"… Capital structure variables I use two measures of capital structure in the analysis: Net Debt Issuance and Leverage, where net debt issuance is the dependent variable, and leverage is …","https://scholar.archive.org/work/gzlzhksc6vczhowkusgm4oo5sm/access/wayback/https://workspace.imperial.ac.uk/business-school/Public/PhD/Control%20Rights%20and%20Legal%20Enforcement%20-%20Mai%20Daher%20JMP%20-%20November%202014.pdf","https://scholar.google.com/scholar?q=related:K-TUU8FA3coJ:scholar.google.com/&scioq=%22capital+structure%22&hl=en&as_sdt=2007&as_ylo=2015&as_yhi=2020"
19,"P Kumar, V Yerramilli","Optimal capital structure and investment with real options and endogenous debt costs",2018,"The Review of Financial Studies","academic.oup.com","https://academic.oup.com/rfs/article-abstract/31/9/3452/4083174","https://scholar.google.com/scholar?cites=11002258367433740754&as_sdt=2005&sciodt=2007&hl=en",647,"2022-09-27 14:36:27","","","","",,,,,19,4.75,10,2,4,"… Although a number of studies in the broader corporate finance literature endogenize both capital structure and investment, we still have a limited understanding of the trade-offs involved …","https://www.bauer.uh.edu/yerramilli/KumarYerramilli.pdf","https://scholar.google.com/scholar?q=related:0hH1VbHfr5gJ:scholar.google.com/&scioq=%22capital+structure%22&hl=en&as_sdt=2007&as_ylo=2015&as_yhi=2020"
16,"P Borochin, J Yang","Options, equity risks, and the value of capital structure adjustments",2017,"Journal of Corporate Finance","Elsevier","https://www.sciencedirect.com/science/article/pii/S0929119916303017","https://scholar.google.com/scholar?cites=12503731862185413599&as_sdt=2005&sciodt=2007&hl=en",572,"2022-09-27 14:36:27","","","","",,,,,16,3.20,8,2,5,"… Using the net levering up ratio to measure capital structure adjustments, we examine the power of our options-based measures in predicting capital structure decisions within a firm over …","https://www.researchgate.net/profile/Jie-Yang-127/publication/312306153_Options_Equity_Risks_and_the_Value_of_Capital_Structure_Adjustments/links/587f7ac608ae9275d4ee32e1/Options-Equity-Risks-and-the-Value-of-Capital-Structure-Adjustments.pdf","https://scholar.google.com/scholar?q=related:34tLjOEthq0J:scholar.google.com/&scioq=%22capital+structure%22&hl=en&as_sdt=2007&as_ylo=2015&as_yhi=2020"
16,"R Inderst, V Vladimirov","Growth firms and relationship finance: A capital structure perspective",2019,"Management Science","pubsonline.informs.org","https://pubsonline.informs.org/doi/abs/10.1287/mnsc.2018.3076","https://scholar.google.com/scholar?cites=16217061386642920253&as_sdt=2005&sciodt=2007&hl=en",668,"2022-09-27 14:36:27","","10.1287/mnsc.2018.3076","","",,,,,16,5.33,8,2,3,"… More broadly, our paper falls into the large literature on capital structure choice and security design under asymmetric information. Our model endogenizes how firms’ existing capital …","https://www.researchgate.net/profile/Vladimir-Vladimirov-8/publication/331137612_Growth_Firms_and_Relationship_Finance_A_Capital_Structure_Perspective/links/5cf8ca2ba6fdcc847508b453/Growth-Firms-and-Relationship-Finance-A-Capital-Structure-Perspective.pdf","https://scholar.google.com/scholar?q=related:PROO02iTDuEJ:scholar.google.com/&scioq=%22capital+structure%22&hl=en&as_sdt=2007&as_ylo=2015&as_yhi=2020"
14,"X Zhou, RM Reesor","Misrepresentation and capital structure: Quantifying the impact on corporate debt value",2015,"Journal of Corporate Finance","Elsevier","https://www.sciencedirect.com/science/article/pii/S0929119915000802","https://scholar.google.com/scholar?cites=8864458392818310135&as_sdt=2005&sciodt=2007&hl=en",695,"2022-09-27 14:36:27","","","","",,,,,14,2.00,7,2,7,"… and firm value for the capital structure model discussed in Section 2. … capital structure. Hence firm value volatility is a combination of the volatility of equity, debt and other capital structure …","","https://scholar.google.com/scholar?q=related:91sqPvHhBHsJ:scholar.google.com/&scioq=%22capital+structure%22&hl=en&as_sdt=2007&as_ylo=2015&as_yhi=2020"
9,"Q Huang, R Kim","Capital structure decisions along the supply chain: Evidence from import competition",2019,"Journal of international business studies","Springer","https://link.springer.com/article/10.1057/s41267-019-00225-9","https://scholar.google.com/scholar?cites=3895100712256592012&as_sdt=2005&sciodt=2007&hl=en",806,"2022-09-27 14:36:27","","10.1057/s41267-019-00225-9","","",,,,,9,3.00,5,2,3,"… ’s capital structure decisions. Finally, our paper is related to discussions about whether an optimal capital structure … downstream firms into their capital structure decisions and adjust their …","http://www.apjfs.org/resource/global/cafm/2017_8_2.pdf","https://scholar.google.com/scholar?q=related:jNhs7nUtDjYJ:scholar.google.com/&scioq=%22capital+structure%22&hl=en&as_sdt=2007&as_ylo=2015&as_yhi=2020"
5,"A Pandey, V Bhama, M Singh","Recession Impact on Capital Structure Determinants: Evidences from India.",2019,"Journal of Management …","search.ebscohost.com","https://search.ebscohost.com/login.aspx?direct=true&profile=ehost&scope=site&authtype=crawler&jrnl=09725814&AN=137657775&h=8Zt5TrKEfdagSCYM6Li%2F3iBnp0guZdUEHytAyJGM7u986Lq1Mye6hWmI0pb%2BOgX35TXfvVd2m%2BO0SXgwiIln%2Bg%3D%3D&crl=c","https://scholar.google.com/scholar?cites=5779148932345927331&as_sdt=2005&sciodt=2007&hl=en",716,"2022-09-27 14:36:27","","","","",,,,,5,1.67,2,3,3,"… The present study analyzes the important determinants of capital structure of Indian firms … capacity seem to be significant determinants of capital structure for both the pre- and post-…","","https://scholar.google.com/scholar?q=related:o5aOsFWpM1AJ:scholar.google.com/&scioq=%22capital+structure%22&hl=en&as_sdt=2007&as_ylo=2015&as_yhi=2020"
2,"AE Bernardo, A Fabisiak, I Welch","Asset redeployability, liquidation value, and endogenous capital structure heterogeneity",2020,"Journal of Financial and …","cambridge.org","https://www.cambridge.org/core/journals/journal-of-financial-and-quantitative-analysis/article/asset-redeployability-liquidation-value-and-endogenous-capital-structure-heterogeneity/5A1E754C62CFAFC84DAE0B50B2A4D19B","https://scholar.google.com/scholar?cites=10313020874876627494&as_sdt=2005&sciodt=2007&hl=en",965,"2022-09-27 14:36:27","","","","",,,,,2,1.00,1,3,2,"… capital structure (unlike most other shipping firms) to expand … capital structure theory has been formulated in terms of debt, whereas almost every reduced-form empirical capital structure …","https://anderson-review.ucla.edu/wp-content/uploads/2021/03/Bernardo-et-al_2018_SSRN-id2981809.pdf","https://scholar.google.com/scholar?q=related:Jqo1UNg1H48J:scholar.google.com/&scioq=%22capital+structure%22&hl=en&as_sdt=2007&as_ylo=2015&as_yhi=2020"
1,"I Riyani, D Amboningtyas, E Gagah","INFLUENCE OF CAPITAL STRUCTURE, COMPANY SIZE, AND INVESTMENT OPPORTUNITIES SET FOR COMPANY VALUE WITH PROFIT QUALITY AS …",2020,"Journal of Management","jurnal.unpand.ac.id","http://jurnal.unpand.ac.id/index.php/MS/article/viewFile/1563/1522","https://scholar.google.com/scholar?cites=13923606122631942271&as_sdt=2005&sciodt=2007&hl=en",994,"2022-09-27 14:36:27","PDF","","","",,,,,1,0.50,0,3,2,"The population used in this study was pharmaceutical companies that were registered in the Indonesia Stock Exchange (IDX) for the 2014-2018 period. The sampling method used was …","http://jurnal.unpand.ac.id/index.php/MS/article/viewFile/1563/1522","https://scholar.google.com/scholar?q=related:f1Dug_-VOsEJ:scholar.google.com/&scioq=%22capital+structure%22&hl=en&as_sdt=2007&as_ylo=2015&as_yhi=2020"
